metric,F-statistic,p-value
utility,6.171962124134843e-08,0.9998017805969471
matching_utility,3.640784537987461e-05,0.9951857578557902
pct_above_matching,0.00930822950733203,0.9231412641414355
max_miss,2.5895636626382e-29,1.0
mean_miss_user_input_data_size,0.0345796823734332,0.8524815919447889
mean_miss_user_output_data_size,0.011391317140587363,0.9150044699485776
mean_miss_user_computation_demand,0.019946550539135875,0.8876882948470654
mean_miss_user_delay_tolerance,0.0014881659107404577,0.9692283321831104
