metric,H-statistic,p-value
utility,2.874643572682347e-06,0.9986472054171845
matching_utility,6.952042921589271e-05,0.993347402445256
pct_above_matching,0.0023833330086773887,0.9610632282354421
max_miss,-7.275957704594409e-12,1.0
mean_miss_user_input_data_size,0.035147763261782955,0.8512863673254764
mean_miss_user_output_data_size,0.012312706559291509,0.9116459759625393
mean_miss_user_computation_demand,0.020716267388590073,0.8855545867807746
mean_miss_user_delay_tolerance,0.009280712726092554,0.9232533581400117
